{"Avg_response_time": 0.062467469109429255, "Avg_inflight_executors": 0.05027932960893855}