{"Avg_response_time": 0.062351107597351074, "Avg_inflight_executors": 0.05027932960893855}