{"Avg_response_time": 0.05528816594017877, "Avg_inflight_executors": 0.547486033519553}