{"Avg_response_time": 0.0402721852991316, "Avg_inflight_executors": 3.913793103448276}