{"Avg_response_time": 0.0387843466166294, "Avg_inflight_executors": 4.074712643678161}