{"Avg_response_time": 0.037985558167651846, "Avg_inflight_executors": 4.137931034482759}