{"Avg_response_time": 0.03706820109970549, "Avg_inflight_executors": 4.482758620689655}