{"Avg_response_time": 0.036358320041308324, "Avg_inflight_executors": 4.574712643678161}