{"Avg_response_time": 0.03585278990533617, "Avg_inflight_executors": 4.710982658959537}