{"Avg_response_time": 0.03487477121253808, "Avg_inflight_executors": 5.271676300578035}