{"Avg_response_time": 0.03437490145365397, "Avg_inflight_executors": 5.398843930635838}