{"Avg_response_time": 0.03400514561452983, "Avg_inflight_executors": 5.618497109826589}