{"Avg_response_time": 0.033345976963377835, "Avg_inflight_executors": 5.716763005780347}