{"Avg_response_time": 0.05302051550812192, "Avg_inflight_executors": 1.0898876404494384}