{"Avg_response_time": 0.03222778409719467, "Avg_inflight_executors": 5.606936416184971}