{"Avg_response_time": 0.0319843941958493, "Avg_inflight_executors": 5.820809248554913}