{"Avg_response_time": 0.031667575788016274, "Avg_inflight_executors": 6.196531791907514}