{"Avg_response_time": 0.03092492375396876, "Avg_inflight_executors": 6.057803468208093}