{"Avg_response_time": 0.0305049561019297, "Avg_inflight_executors": 6.416184971098266}