{"Avg_response_time": 0.02823701705402798, "Avg_inflight_executors": 6.651428571428571}