{"Avg_response_time": 0.0296601388648025, "Avg_inflight_executors": 6.682080924855491}