{"Avg_response_time": 0.027609298690356346, "Avg_inflight_executors": 7.148571428571428}