{"Avg_response_time": 0.030053729348712498, "Avg_inflight_executors": 7.098265895953757}