{"Avg_response_time": 0.028468847028140364, "Avg_inflight_executors": 6.913793103448276}