{"Avg_response_time": 0.05126134364693253, "Avg_inflight_executors": 1.3820224719101124}