{"Avg_response_time": 0.02991676432998092, "Avg_inflight_executors": 8.057803468208093}