{"Avg_response_time": 0.029797915391169997, "Avg_inflight_executors": 8.271676300578035}