{"Avg_response_time": 0.02916552581720882, "Avg_inflight_executors": 8.701149425287356}