{"Avg_response_time": 0.030793353732587514, "Avg_inflight_executors": 8.346820809248555}