{"Avg_response_time": 0.03027290406569936, "Avg_inflight_executors": 8.902298850574713}