{"Avg_response_time": 0.03322880360058376, "Avg_inflight_executors": 9.283236994219653}