{"Avg_response_time": 0.03423151533912729, "Avg_inflight_executors": 9.786127167630058}