{"Avg_response_time": 0.03431796986061531, "Avg_inflight_executors": 10.080924855491329}