{"Avg_response_time": 0.036755579713492366, "Avg_inflight_executors": 10.84393063583815}