{"Avg_response_time": 0.039088963042636884, "Avg_inflight_executors": 11.780346820809248}