{"Avg_response_time": 0.04986888531181547, "Avg_inflight_executors": 1.8813559322033897}