{"Avg_response_time": 0.043755474981334475, "Avg_inflight_executors": 13.109826589595375}