{"Avg_response_time": 0.048280973253534414, "Avg_inflight_executors": 14.410404624277458}