{"Avg_response_time": 0.055034458296639575, "Avg_inflight_executors": 19.21511627906977}