{"Avg_response_time": 0.06601753903913868, "Avg_inflight_executors": 24.936046511627907}