{"Avg_response_time": 0.08910711763784139, "Avg_inflight_executors": 36.83139534883721}