{"Avg_response_time": 0.24650028608463428, "Avg_inflight_executors": 109.91228070175438}