{"Avg_response_time": 1.705198565027564, "Avg_inflight_executors": 750.5964912280701}