{"Avg_response_time": 3.8606088110994787, "Avg_inflight_executors": 1692.6783625730993}