{"Avg_response_time": 5.796084353065601, "Avg_inflight_executors": 2529.3764705882354}