{"Avg_response_time": 8.065635435016247, "Avg_inflight_executors": 3508.741176470588}