{"Avg_response_time": 0.05950667434268528, "Avg_inflight_executors": 0.3016759776536313}