{"Avg_response_time": 0.04754870515399509, "Avg_inflight_executors": 2.2655367231638417}