{"Avg_response_time": 10.170744498968125, "Avg_inflight_executors": 4413.341176470588}