{"Avg_response_time": 0.046201862317544445, "Avg_inflight_executors": 2.653409090909091}