{"Avg_response_time": 0.044173120903590365, "Avg_inflight_executors": 2.9431818181818183}