{"Avg_response_time": 0.04278087620933851, "Avg_inflight_executors": 3.337142857142857}