{"Avg_response_time": 0.04182666172215968, "Avg_inflight_executors": 3.588571428571429}