{"OpenWhisk": {"running_warm": {"0.5": 0.7416666666666667, "1": 1.5466666666666666, "2": 3.168053244592346, "3": 4.805647840531561, "4": 6.559800664451827, "5": 8.278606965174129, "6": 10.230514096185738, "7": 12.05794701986755, "8": 14.373553719008264, "9": 17.555371900826447, "10": 21.986798679867988, "11": 29.66996699669967, "12": 83.33113673805602, "13": 94.54934210526316, "14": 97.24835526315789, "15": 97.72249589490968, "16": 95.52131147540983}, "running_cold": {"0.5": 0.095, "1": 0.13333333333333333, "2": 0.2129783693843594, "3": 0.26578073089701, "4": 0.30564784053156147, "5": 0.31840796019900497, "6": 0.4759535655058043, "7": 0.6903973509933775, "8": 0.8314049586776859, "9": 1.290909090909091, "10": 1.367986798679868, "11": 1.7871287128712872, "12": 2.8945634266886326, "13": 1.7483552631578947, "14": 0.8108552631578947, "15": 0.7093596059113301, "16": 2.0278688524590165}, "running_total": {"0.5": 0.8366666666666667, "1": 1.68, "2": 3.381031613976705, "3": 5.071428571428571, "4": 6.865448504983388, "5": 8.597014925373134, "6": 10.706467661691542, "7": 12.748344370860927, "8": 15.20495867768595, "9": 18.84628099173554, "10": 23.354785478547857, "11": 31.457095709570957, "12": 86.22570016474465, "13": 96.29769736842105, "14": 98.05921052631578, "15": 98.43185550082102, "16": 97.54918032786885}, "idle": {"0.5": 2.353333333333333, "1": 3.36, "2": 5.3731212099435615, "3": 6.496677740863788, "4": 7.509966777408638, "5": 8.757289710388456, "6": 9.551810484003822, "7": 11.149006622516556, "8": 12.144876305812401, "9": 15.213124948858523, "10": 17.206270627062704, "11": 18.69141914191419, "12": 11.94206299315009, "13": 7.277960526315776, "14": 6.68750000000001, "15": 6.450111712293734, "16": 8.749180327868862}, "total_containers": {"0.5": 3.19, "1": 5.04, "2": 8.754152823920267, "3": 11.56810631229236, "4": 14.375415282392026, "5": 17.35430463576159, "6": 20.258278145695364, "7": 23.897350993377483, "8": 27.34983498349835, "9": 34.05940594059406, "10": 40.56105610561056, "11": 50.148514851485146, "12": 98.16776315789474, "13": 103.57565789473684, "14": 104.7467105263158, "15": 104.88196721311475, "16": 106.29836065573771}, "response_time": {"0.5": 1.6871666666666667, "1": 1.659495, "2": 1.6773883333333333, "3": 1.7019688888888889, "4": 1.7251429166666665, "5": 1.736994, "6": 1.7773708333333333, "7": 1.8345900000000002, "8": 1.9236491666666666, "9": 2.1207231481481483, "10": 2.3708068333333334, "11": 2.9103669696969696, "12": 7.375717083333333, "13": 8.158662564102563, "14": 8.26425937834941, "15": 8.31993053239969, "16": 8.286128779979144}, "cold_start_probs": {"0.5": 0.04666666666666667, "1": 0.03333333333333333, "2": 0.024166666666666666, "3": 0.02, "4": 0.015833333333333335, "5": 0.012, "6": 0.015555555555555555, "7": 0.018095238095238095, "8": 0.016458333333333332, "9": 0.019074074074074073, "10": 0.016166666666666666, "11": 0.017424242424242425, "12": 0.012777777777777779, "13": 0.006025641025641026, "14": 0.002739073478623318, "15": 0.002222963209958875, "16": 0.0034410844629822732}}, "Model": {"running_warm": {"0.5": 0.7359289314304901, "1": 1.4941865910827241, "2": 3.014406968029668, "3": 4.536602596656489, "4": 6.059790579764924, "5": 7.583602205473515, "6": 9.10785192323462, "7": 10.632430881796026, "8": 12.157268811294841, "9": 13.682317252404864, "10": 15.20754112711868, "11": 16.73291408253653, "12": 18.258415729500488, "13": 19.784029911573057, "14": 21.309743570412955, "15": 22.835545974265873, "16": 24.361428176977515}, "running_cold": {"0.5": 0.07673109413925583, "1": 0.09328503886771261, "2": 0.11640759440355958, "3": 0.13420673813182604, "4": 0.14933143200717203, "5": 0.1627753748090195, "6": 0.17503863545835413, "7": 0.18641457406071613, "8": 0.19709257175758638, "9": 0.20720322909569355, "10": 0.2168410832323704, "11": 0.22607715668039774, "12": 0.2349663993407337, "13": 0.24355235370008502, "14": 0.25187021270575766, "15": 0.2599488990252331, "16": 0.2678125230359356}, "running_total": {"0.5": 0.8126600255697459, "1": 1.587471629950437, "2": 3.130814562433228, "3": 4.670809334788315, "4": 6.209122011772095, "5": 7.746377580282534, "6": 9.282890558692973, "7": 10.81884545585674, "8": 12.354361383052428, "9": 13.88952048150056, "10": 15.42438221035105, "11": 16.958991239216928, "12": 18.49338212884122, "13": 20.02758226527314, "14": 21.56161378311871, "15": 23.095494873291102, "16": 24.62924070001345}, "idle": {"0.5": 2.5318271354344817, "1": 3.4949866550520126, "2": 4.834875367773105, "3": 5.852532671685979, "4": 6.705520886106823, "5": 7.453952101617501, "6": 8.128414782836543, "7": 8.74698658315382, "8": 9.32140270644738, "9": 9.859791620175276, "10": 10.368058534573192, "11": 10.85065341072255, "12": 11.311028280185571, "13": 11.75192491189965, "14": 12.175563927934213, "15": 12.583773730939743, "16": 12.978081117419702}, "total_containers": {"0.5": 3.3444871610042277, "1": 5.082458285002449, "2": 7.965689930206333, "3": 10.523342006474294, "4": 12.914642897878919, "5": 15.200329681900035, "6": 17.411305341529516, "7": 19.565832039010562, "8": 21.675764089499808, "9": 23.749312101675834, "10": 25.792440744924242, "11": 27.80964464993948, "12": 29.804410409026794, "13": 31.779507177172793, "14": 33.73717771105293, "15": 35.67926860423085, "16": 37.60732181743315}, "response_time": {"0.5": 1.6253200511394919, "1": 1.587471629950437, "2": 1.565407281216614, "3": 1.556936444929438, "4": 1.5522805029430238, "5": 1.549275516056507, "6": 1.5471484264488287, "7": 1.5455493508366773, "8": 1.5442951728815535, "9": 1.5432800535000621, "10": 1.5424382210351049, "11": 1.5417264762924483, "12": 1.541115177403435, "13": 1.5405832511748572, "14": 1.5401152702227652, "15": 1.5396996582194071, "16": 1.5393275437508407}, "cold_start_probs": {"0.5": 0.03724629587847961, "1": 0.02264090065232576, "2": 0.01412644949317504, "3": 0.010857623265199588, "4": 0.009060933450267709, "5": 0.007901333663852216, "6": 0.007080507235019099, "7": 0.006463437075201486, "8": 0.005979460091669894, "9": 0.00558773385045207, "10": 0.005262877608668764, "11": 0.004988221151673964, "12": 0.004752325925536254, "13": 0.0045470599578826465, "14": 0.004366469947813866, "15": 0.004206088685423574, "16": 0.0040624927648526725}}}