{"Avg_response_time": 0.028629310925801597, "Avg_inflight_executors": 0.027932960893854553}