{"Avg_response_time": 0.021912887891133628, "Avg_inflight_executors": 0.02006688963210701}{"Avg_response_time": 0.028722208076053194, "Avg_inflight_executors": 0.022346368715083997}