{"Avg_response_time": 0.030912077162000867, "Avg_inflight_executors": 0.25139664804469275}