{"Avg_response_time": 0.028552533268928527, "Avg_inflight_executors": 2.5459770114942533}