{"Avg_response_time": 2.427493271153503, "Avg_inflight_executors": 1833.8098159509202}