{"Avg_response_time": 0.02814124908110108, "Avg_inflight_executors": 2.82183908045977}