{"Avg_response_time": 0.02757858728920972, "Avg_inflight_executors": 2.9942528735632186}