{"Avg_response_time": 0.02728696457341186, "Avg_inflight_executors": 3.4393063583815024}