{"Avg_response_time": 0.026603097953493634, "Avg_inflight_executors": 3.410404624277457}