{"Avg_response_time": 0.02604729070486846, "Avg_inflight_executors": 3.601156069364162}