{"Avg_response_time": 0.025348233986232017, "Avg_inflight_executors": 3.8497109826589595}