{"Avg_response_time": 0.025141718403186672, "Avg_inflight_executors": 3.9941860465116283}