{"Avg_response_time": 0.02440947797563341, "Avg_inflight_executors": 4.023255813953488}