{"Avg_response_time": 0.023833361438840454, "Avg_inflight_executors": 4.3023255813953485}