{"Avg_response_time": 0.03166735337840186, "Avg_inflight_executors": 0.6404494382022472}