{"Avg_response_time": 0.023300917890336777, "Avg_inflight_executors": 4.656976744186046}