{"Avg_response_time": 0.02277212069148109, "Avg_inflight_executors": 4.627906976744186}