{"Avg_response_time": 0.022580968942305053, "Avg_inflight_executors": 4.505813953488372}