{"Avg_response_time": 0.021968815050263334, "Avg_inflight_executors": 4.5321637426900585}