{"Avg_response_time": 0.02162770495922477, "Avg_inflight_executors": 4.871345029239766}