{"Avg_response_time": 0.02102790520456102, "Avg_inflight_executors": 4.5964912280701755}