{"Avg_response_time": 0.02055195841524336, "Avg_inflight_executors": 4.654970760233918}