{"Avg_response_time": 0.020501780848444243, "Avg_inflight_executors": 4.47953216374269}