{"Avg_response_time": 0.019930372247620235, "Avg_inflight_executors": 4.818713450292398}