{"Avg_response_time": 0.019629382571041357, "Avg_inflight_executors": 4.9298245614035086}