{"Avg_response_time": 0.031098262557276973, "Avg_inflight_executors": 0.8370786516853932}