{"Avg_response_time": 0.019345553340735257, "Avg_inflight_executors": 5.245614035087719}