{"Avg_response_time": 0.019042136493976826, "Avg_inflight_executors": 5.087719298245614}