{"Avg_response_time": 0.019034581693510213, "Avg_inflight_executors": 5.099415204678363}