{"Avg_response_time": 0.018701892597506743, "Avg_inflight_executors": 5.280701754385965}