{"Avg_response_time": 0.01844181578922895, "Avg_inflight_executors": 5.011695906432749}