{"Avg_response_time": 0.018636331066252693, "Avg_inflight_executors": 5.641176470588236}