{"Avg_response_time": 0.018260407775272557, "Avg_inflight_executors": 5.452941176470588}