{"Avg_response_time": 0.01802680574021898, "Avg_inflight_executors": 5.60233918128655}