{"Avg_response_time": 0.01760372881303754, "Avg_inflight_executors": 5.376470588235295}