{"Avg_response_time": 0.017907973769043926, "Avg_inflight_executors": 5.7823529411764705}