{"Avg_response_time": 0.031110366980234783, "Avg_inflight_executors": 1.3163841807909606}