{"Avg_response_time": 0.01728381037712097, "Avg_inflight_executors": 5.376470588235295}