{"Avg_response_time": 0.01717890130464362, "Avg_inflight_executors": 5.723529411764706}