{"Avg_response_time": 0.016787235521222885, "Avg_inflight_executors": 5.7176470588235295}