{"Avg_response_time": 0.016462454230697067, "Avg_inflight_executors": 5.541176470588235}