{"Avg_response_time": 0.016433921240378117, "Avg_inflight_executors": 5.905882352941177}