{"Avg_response_time": 0.016526570610402604, "Avg_inflight_executors": 5.564705882352941}