{"Avg_response_time": 0.01637998262765231, "Avg_inflight_executors": 6.335294117647059}