{"Avg_response_time": 0.030353475941552056, "Avg_inflight_executors": 0.14525139664804465}