{"Avg_response_time": 0.030407615661621094, "Avg_inflight_executors": 1.3446327683615817}