{"Avg_response_time": 0.016112027655707465, "Avg_inflight_executors": 5.929411764705883}