{"Avg_response_time": 0.015951616112183382, "Avg_inflight_executors": 6.011764705882353}