{"Avg_response_time": 0.016037784988044673, "Avg_inflight_executors": 5.970588235294118}