{"Avg_response_time": 0.016035468270943598, "Avg_inflight_executors": 5.876470588235295}