{"Avg_response_time": 0.016274284045882676, "Avg_inflight_executors": 6.08235294117647}