{"Avg_response_time": 0.015967288771060982, "Avg_inflight_executors": 6.752941176470589}