{"Avg_response_time": 0.01658887536989318, "Avg_inflight_executors": 7.241176470588234}