{"Avg_response_time": 0.01625707915419491, "Avg_inflight_executors": 6.829411764705883}