{"Avg_response_time": 0.016657343534217484, "Avg_inflight_executors": 6.300000000000001}