{"Avg_response_time": 0.0168199386996289, "Avg_inflight_executors": 6.805882352941177}