{"Avg_response_time": 0.030372735063234964, "Avg_inflight_executors": 1.8465909090909092}