{"Avg_response_time": 0.01833443326199496, "Avg_inflight_executors": 7.576470588235294}