{"Avg_response_time": 0.01745956796983118, "Avg_inflight_executors": 8.647058823529411}