{"Avg_response_time": 0.01781118383757957, "Avg_inflight_executors": 7.529411764705882}