{"Avg_response_time": 0.017988650136523777, "Avg_inflight_executors": 7.840236686390533}