{"Avg_response_time": 0.01805842338543799, "Avg_inflight_executors": 6.9704142011834325}