{"Avg_response_time": 0.01821855071467212, "Avg_inflight_executors": 8.887573964497042}