{"Avg_response_time": 0.01894806069356424, "Avg_inflight_executors": 8.159763313609467}