{"Avg_response_time": 0.020036097286550165, "Avg_inflight_executors": 9.36094674556213}