{"Avg_response_time": 0.021626611131858202, "Avg_inflight_executors": 9.08284023668639}