{"Avg_response_time": 0.020456448735822225, "Avg_inflight_executors": 8.224852071005918}