{"Avg_response_time": 0.029895034990613422, "Avg_inflight_executors": 2.0738636363636367}