{"Avg_response_time": 0.022230143743848043, "Avg_inflight_executors": 9.70414201183432}