{"Avg_response_time": 0.023118993902057176, "Avg_inflight_executors": 9.828402366863905}