{"Avg_response_time": 0.02187334953450862, "Avg_inflight_executors": 9.236686390532544}