{"Avg_response_time": 0.02293347267436836, "Avg_inflight_executors": 8.488095238095237}