{"Avg_response_time": 0.0247387230288875, "Avg_inflight_executors": 9.982142857142858}