{"Avg_response_time": 0.025163088358773126, "Avg_inflight_executors": 10.005952380952381}