{"Avg_response_time": 0.025654906531174977, "Avg_inflight_executors": 10.851190476190476}