{"Avg_response_time": 0.029868560187157743, "Avg_inflight_executors": 11.827380952380953}