{"Avg_response_time": 0.02974299763660726, "Avg_inflight_executors": 12.178571428571429}