{"Avg_response_time": 0.032861281534036, "Avg_inflight_executors": 14.047904191616766}