{"Avg_response_time": 0.03128654532798851, "Avg_inflight_executors": 12.70059880239521}