{"Avg_response_time": 0.036779740363924805, "Avg_inflight_executors": 14.760479041916167}