{"Avg_response_time": 0.03711230576277737, "Avg_inflight_executors": 14.419161676646706}