{"Avg_response_time": 0.04222774672287482, "Avg_inflight_executors": 16.29940119760479}