{"Avg_response_time": 0.04233963689772911, "Avg_inflight_executors": 17.80722891566265}