{"Avg_response_time": 0.049036175280578374, "Avg_inflight_executors": 22.746987951807228}