{"Avg_response_time": 0.051623299580119734, "Avg_inflight_executors": 22.53012048192771}