{"Avg_response_time": 0.059024422450198066, "Avg_inflight_executors": 24.102409638554217}