{"Avg_response_time": 0.06269812259632401, "Avg_inflight_executors": 29.933734939759034}