{"Avg_response_time": 0.02927576556617831, "Avg_inflight_executors": 2.491428571428571}