{"Avg_response_time": 0.08387323479593536, "Avg_inflight_executors": 45.33132530120482}