{"Avg_response_time": 0.11616006687883929, "Avg_inflight_executors": 71.18181818181819}