{"Avg_response_time": 0.1407638230027208, "Avg_inflight_executors": 85.63030303030303}