{"Avg_response_time": 0.20334562153799132, "Avg_inflight_executors": 128.42424242424244}