{"Avg_response_time": 0.2812161233126413, "Avg_inflight_executors": 184.3780487804878}