{"Avg_response_time": 0.4154043534066942, "Avg_inflight_executors": 284.7621951219512}