{"Avg_response_time": 0.9365224897916101, "Avg_inflight_executors": 678.9509202453987}