{"Avg_response_time": 1.2688889211767655, "Avg_inflight_executors": 931.7852760736197}