{"Avg_response_time": 1.7560173929794602, "Avg_inflight_executors": 1287.9693251533743}